"POS","CON","X1","X2"
1,0,"M","M"
2,0,"A","A"
3,0,"S","S"
4,0,"P","P"
5,0,"P","P"
6,2,"D","E"
7,2,"T","S"
8,0,"D","D"
9,0,"G","G"
10,0,"F","F"
11,0,"S","S"
12,0,"D","D"
13,0,"V","V"
14,0,"R","R"
15,0,"K","K"
16,0,"V","V"
17,0,"G","G"
18,0,"Y","Y"
19,0,"L","L"
20,0,"R","R"
21,0,"K","K"
22,0,"P","P"
23,0,"K","K"
24,0,"S","S"
25,0,"M","M"
26,0,"H","H"
27,0,"K","K"
28,0,"R","R"
29,0,"F","F"
30,0,"F","F"
31,0,"V","V"
32,0,"L","L"
33,0,"R","R"
34,0,"A","A"
35,0,"A","A"
36,0,"S","S"
37,0,"E","E"
38,0,"A","A"
39,0,"G","G"
40,0,"G","G"
41,0,"P","P"
42,0,"A","A"
43,0,"R","R"
44,0,"L","L"
45,0,"E","E"
46,0,"Y","Y"
47,0,"Y","Y"
48,0,"E","E"
49,0,"N","N"
50,0,"E","E"
51,0,"K","K"
52,0,"K","K"
53,0,"W","W"
54,0,"R","R"
55,0,"H","H"
56,0,"K","K"
57,0,"S","S"
58,0,"S","S"
59,0,"A","A"
60,0,"P","P"
61,0,"K","K"
62,0,"R","R"
63,0,"S","S"
64,0,"I","I"
65,0,"P","P"
66,0,"L","L"
67,0,"E","E"
68,0,"S","S"
69,0,"C","C"
70,0,"F","F"
71,0,"N","N"
72,0,"I","I"
73,0,"N","N"
74,0,"K","K"
75,0,"R","R"
76,0,"A","A"
77,0,"D","D"
78,0,"S","S"
79,0,"K","K"
80,0,"N","N"
81,0,"K","K"
82,0,"H","H"
83,0,"L","L"
84,0,"V","V"
85,0,"A","A"
86,0,"L","L"
87,0,"Y","Y"
88,0,"T","T"
89,0,"R","R"
90,0,"D","D"
91,0,"E","E"
92,0,"H","H"
93,0,"F","F"
94,0,"A","A"
95,0,"I","I"
96,0,"A","A"
97,0,"A","A"
98,0,"D","D"
99,0,"S","S"
100,0,"E","E"
101,0,"A","A"
102,0,"E","E"
103,0,"Q","Q"
104,0,"D","D"
105,0,"S","S"
106,0,"W","W"
107,0,"Y","Y"
108,0,"Q","Q"
109,0,"A","A"
110,0,"L","L"
111,0,"L","L"
112,0,"Q","Q"
113,0,"L","L"
114,0,"H","H"
115,0,"N","N"
116,0,"R","R"
117,0,"A","A"
118,0,"K","K"
119,1,"A","G"
120,0,"H","H"
121,0,"H","H"
122,0,"D","D"
123,0,"G","G"
124,0,"A","A"
125,-1,"-","A"
126,-1,"-","A"
127,-1,"-","L"
128,-1,"-","G"
129,1,"G","A"
130,0,"G","G"
131,0,"G","G"
132,-1,"C","G"
133,0,"G","G"
134,0,"G","G"
135,0,"S","S"
136,0,"C","C"
137,0,"S","S"
138,0,"G","G"
139,0,"S","S"
140,0,"S","S"
141,0,"G","G"
142,2,"V","L"
143,0,"G","G"
144,0,"E","E"
145,0,"A","A"
146,0,"G","G"
147,0,"E","E"
148,0,"D","D"
149,0,"L","L"
150,0,"S","S"
151,0,"Y","Y"
152,-1,"-","G"
153,0,"D","D"
154,1,"T","V"
155,-1,"G","P"
156,0,"P","P"
157,0,"G","G"
158,0,"P","P"
159,0,"A","A"
160,0,"F","F"
161,0,"K","K"
162,0,"E","E"
163,0,"V","V"
164,0,"W","W"
165,0,"Q","Q"
166,0,"V","V"
167,0,"I","I"
168,0,"L","L"
169,0,"K","K"
170,0,"P","P"
171,0,"K","K"
172,0,"G","G"
173,0,"L","L"
174,0,"G","G"
175,0,"Q","Q"
176,0,"T","T"
177,0,"K","K"
178,0,"N","N"
179,0,"L","L"
180,0,"I","I"
181,0,"G","G"
182,0,"I","I"
183,0,"Y","Y"
184,0,"R","R"
185,0,"L","L"
186,0,"C","C"
187,0,"L","L"
188,0,"T","T"
189,0,"S","S"
190,0,"K","K"
191,0,"T","T"
192,0,"I","I"
193,0,"S","S"
194,0,"F","F"
195,0,"V","V"
196,0,"K","K"
197,0,"L","L"
198,0,"N","N"
199,0,"S","S"
200,0,"E","E"
201,0,"A","A"
202,0,"A","A"
203,0,"A","A"
204,0,"V","V"
205,0,"V","V"
206,0,"L","L"
207,0,"Q","Q"
208,0,"L","L"
209,0,"M","M"
210,0,"N","N"
211,0,"I","I"
212,0,"R","R"
213,0,"R","R"
214,0,"C","C"
215,0,"G","G"
216,0,"H","H"
217,0,"S","S"
218,0,"E","E"
219,0,"N","N"
220,0,"F","F"
221,0,"F","F"
222,0,"F","F"
223,0,"I","I"
224,0,"E","E"
225,0,"V","V"
226,0,"G","G"
227,0,"R","R"
228,0,"S","S"
229,0,"A","A"
230,0,"V","V"
231,0,"T","T"
232,0,"G","G"
233,0,"P","P"
234,0,"G","G"
235,0,"E","E"
236,0,"F","F"
237,0,"W","W"
238,0,"M","M"
239,0,"Q","Q"
240,0,"V","V"
241,0,"D","D"
242,0,"D","D"
243,0,"S","S"
244,0,"V","V"
245,0,"V","V"
246,0,"A","A"
247,0,"Q","Q"
248,0,"N","N"
249,0,"M","M"
250,0,"H","H"
251,0,"E","E"
252,0,"T","T"
253,0,"I","I"
254,0,"L","L"
255,0,"E","E"
256,0,"A","A"
257,0,"M","M"
258,0,"R","R"
259,0,"A","A"
260,0,"M","M"
261,0,"S","S"
262,0,"D","D"
263,0,"E","E"
264,0,"F","F"
265,0,"R","R"
266,0,"P","P"
267,0,"R","R"
268,0,"S","S"
269,0,"K","K"
270,0,"S","S"
271,0,"Q","Q"
272,0,"S","S"
273,0,"S","S"
274,0,"S","S"
275,1,"S","N"
276,0,"C","C"
277,0,"S","S"
278,0,"N","N"
279,0,"P","P"
280,0,"I","I"
281,0,"S","S"
282,0,"V","V"
283,0,"P","P"
284,0,"L","L"
285,0,"R","R"
286,0,"R","R"
287,0,"H","H"
288,0,"H","H"
289,0,"L","L"
290,0,"N","N"
291,0,"N","N"
292,0,"P","P"
293,0,"P","P"
294,0,"P","P"
295,0,"S","S"
296,0,"Q","Q"
297,0,"V","V"
298,0,"G","G"
299,0,"L","L"
300,0,"T","T"
301,0,"R","R"
302,0,"R","R"
303,0,"S","S"
304,0,"R","R"
305,0,"T","T"
306,0,"E","E"
307,0,"S","S"
308,0,"I","I"
309,0,"T","T"
310,0,"A","A"
311,0,"T","T"
312,0,"S","S"
313,0,"P","P"
314,0,"A","A"
315,0,"S","S"
316,0,"M","M"
317,0,"V","V"
318,0,"G","G"
319,0,"G","G"
320,0,"K","K"
321,0,"P","P"
322,0,"G","G"
323,0,"S","S"
324,0,"F","F"
325,0,"R","R"
326,0,"V","V"
327,0,"R","R"
328,0,"A","A"
329,0,"S","S"
330,0,"S","S"
331,0,"D","D"
332,0,"G","G"
333,0,"E","E"
334,0,"G","G"
335,0,"T","T"
336,0,"M","M"
337,0,"S","S"
338,0,"R","R"
339,0,"P","P"
340,0,"A","A"
341,0,"S","S"
342,0,"V","V"
343,0,"D","D"
344,0,"G","G"
345,0,"S","S"
346,0,"P","P"
347,0,"V","V"
348,0,"S","S"
349,0,"P","P"
350,0,"S","S"
351,0,"T","T"
352,0,"N","N"
353,0,"R","R"
354,0,"T","T"
355,0,"H","H"
356,0,"A","A"
357,0,"H","H"
358,0,"R","R"
359,0,"H","H"
360,0,"R","R"
361,0,"G","G"
362,0,"S","S"
363,2,"S","A"
364,0,"R","R"
365,0,"L","L"
366,0,"H","H"
367,0,"P","P"
368,0,"P","P"
369,0,"L","L"
370,0,"N","N"
371,0,"H","H"
372,0,"S","S"
373,0,"R","R"
374,0,"S","S"
375,0,"I","I"
376,0,"P","P"
377,0,"M","M"
378,0,"P","P"
379,2,"S","A"
380,0,"S","S"
381,0,"R","R"
382,0,"C","C"
383,0,"S","S"
384,0,"P","P"
385,0,"S","S"
386,0,"A","A"
387,0,"T","T"
388,0,"S","S"
389,0,"P","P"
390,0,"V","V"
391,0,"S","S"
392,0,"L","L"
393,0,"S","S"
394,0,"S","S"
395,0,"S","S"
396,0,"S","S"
397,0,"T","T"
398,0,"S","S"
399,0,"G","G"
400,0,"H","H"
401,0,"G","G"
402,0,"S","S"
403,0,"T","T"
404,0,"S","S"
405,0,"D","D"
406,0,"C","C"
407,0,"L","L"
408,0,"F","F"
409,0,"P","P"
410,0,"R","R"
411,0,"R","R"
412,0,"S","S"
413,0,"S","S"
414,0,"A","A"
415,0,"S","S"
416,0,"V","V"
417,0,"S","S"
418,0,"G","G"
419,0,"S","S"
420,0,"P","P"
421,0,"S","S"
422,0,"D","D"
423,0,"G","G"
424,0,"G","G"
425,0,"F","F"
426,0,"I","I"
427,0,"S","S"
428,0,"S","S"
429,0,"D","D"
430,0,"E","E"
431,0,"Y","Y"
432,0,"G","G"
433,0,"S","S"
434,0,"S","S"
435,0,"P","P"
436,0,"C","C"
437,0,"D","D"
438,0,"F","F"
439,0,"R","R"
440,0,"S","S"
441,0,"S","S"
442,0,"F","F"
443,0,"R","R"
444,0,"S","S"
445,0,"V","V"
446,0,"T","T"
447,0,"P","P"
448,0,"D","D"
449,0,"S","S"
450,0,"L","L"
451,0,"G","G"
452,0,"H","H"
453,0,"T","T"
454,0,"P","P"
455,0,"P","P"
456,0,"A","A"
457,0,"R","R"
458,0,"G","G"
459,0,"E","E"
460,0,"E","E"
461,0,"E","E"
462,0,"L","L"
463,0,"S","S"
464,0,"N","N"
465,0,"Y","Y"
466,0,"I","I"
467,0,"C","C"
468,0,"M","M"
469,0,"G","G"
470,0,"G","G"
471,0,"K","K"
472,0,"G","G"
473,1,"A","P"
474,0,"S","S"
475,0,"T","T"
476,0,"L","L"
477,2,"A","T"
478,0,"A","A"
479,0,"P","P"
480,0,"N","N"
481,0,"G","G"
482,0,"H","H"
483,0,"Y","Y"
484,0,"I","I"
485,0,"L","L"
486,0,"S","S"
487,0,"R","R"
488,0,"G","G"
489,0,"G","G"
490,0,"N","N"
491,0,"G","G"
492,0,"H","H"
493,0,"R","R"
494,-1,"Y","C"
495,-1,"I","T"
496,0,"P","P"
497,0,"G","G"
498,2,"A","T"
499,1,"N","G"
500,0,"L","L"
501,0,"G","G"
502,0,"T","T"
503,0,"S","S"
504,0,"P","P"
505,0,"A","A"
506,0,"L","L"
507,1,"P","A"
508,0,"G","G"
509,0,"D","D"
510,0,"E","E"
511,0,"A","A"
512,0,"A","A"
513,1,"G","S"
514,0,"A","A"
515,0,"A","A"
516,0,"D","D"
517,0,"L","L"
518,0,"D","D"
519,0,"N","N"
520,0,"R","R"
521,0,"F","F"
522,0,"R","R"
523,0,"K","K"
524,0,"R","R"
525,0,"T","T"
526,0,"H","H"
527,0,"S","S"
528,0,"A","A"
529,0,"G","G"
530,0,"T","T"
531,0,"S","S"
532,0,"P","P"
533,0,"T","T"
534,0,"I","I"
535,2,"S","T"
536,0,"H","H"
537,0,"Q","Q"
538,0,"K","K"
539,0,"T","T"
540,0,"P","P"
541,0,"S","S"
542,0,"Q","Q"
543,0,"S","S"
544,0,"S","S"
545,0,"V","V"
546,0,"A","A"
547,0,"S","S"
548,0,"I","I"
549,0,"E","E"
550,0,"E","E"
551,0,"Y","Y"
552,0,"T","T"
553,0,"E","E"
554,0,"M","M"
555,0,"M","M"
556,0,"P","P"
557,-1,"A","-"
558,0,"A","A"
559,0,"Y","Y"
560,0,"P","P"
561,0,"P","P"
562,0,"G","G"
563,0,"G","G"
564,0,"G","G"
565,0,"S","S"
566,0,"G","G"
567,0,"G","G"
568,0,"R","R"
569,0,"L","L"
570,0,"P","P"
571,0,"G","G"
572,2,"Y","H"
573,0,"R","R"
574,0,"H","H"
575,0,"S","S"
576,0,"A","A"
577,0,"F","F"
578,0,"V","V"
579,0,"P","P"
580,0,"T","T"
581,1,"H","R"
582,0,"S","S"
583,0,"Y","Y"
584,0,"P","P"
585,0,"E","E"
586,0,"E","E"
587,0,"G","G"
588,0,"L","L"
589,0,"E","E"
590,0,"M","M"
591,0,"H","H"
592,-1,"H","P"
593,0,"L","L"
594,0,"E","E"
595,0,"R","R"
596,0,"R","R"
597,0,"G","G"
598,0,"G","G"
599,0,"H","H"
600,0,"H","H"
601,0,"R","R"
602,0,"P","P"
603,0,"D","D"
604,2,"T","S"
605,0,"S","S"
606,1,"N","T"
607,0,"L","L"
608,0,"H","H"
609,0,"T","T"
610,0,"D","D"
611,0,"D","D"
612,0,"G","G"
613,0,"Y","Y"
614,0,"M","M"
615,0,"P","P"
616,0,"M","M"
617,0,"S","S"
618,0,"P","P"
619,0,"G","G"
620,0,"V","V"
621,0,"A","A"
622,0,"P","P"
623,0,"V","V"
624,0,"P","P"
625,0,"S","S"
626,1,"N","G"
627,0,"R","R"
628,0,"K","K"
629,0,"G","G"
630,1,"N","S"
631,0,"G","G"
632,0,"D","D"
633,0,"Y","Y"
634,0,"M","M"
635,0,"P","P"
636,0,"M","M"
637,0,"S","S"
638,0,"P","P"
639,0,"K","K"
640,0,"S","S"
641,0,"V","V"
642,0,"S","S"
643,0,"A","A"
644,0,"P","P"
645,0,"Q","Q"
646,0,"Q","Q"
647,0,"I","I"
648,0,"I","I"
649,0,"N","N"
650,0,"P","P"
651,0,"I","I"
652,0,"R","R"
653,0,"R","R"
654,0,"H","H"
655,0,"P","P"
656,0,"Q","Q"
657,0,"R","R"
658,0,"V","V"
659,0,"D","D"
660,0,"P","P"
661,0,"N","N"
662,0,"G","G"
663,0,"Y","Y"
664,0,"M","M"
665,0,"M","M"
666,0,"M","M"
667,0,"S","S"
668,0,"P","P"
669,0,"S","S"
670,0,"G","G"
671,1,"S","G"
672,0,"C","C"
673,0,"S","S"
674,0,"P","P"
675,0,"D","D"
676,0,"I","I"
677,0,"G","G"
678,0,"G","G"
679,0,"G","G"
680,-1,"-","P"
681,0,"S","S"
682,0,"S","S"
683,0,"S","S"
684,0,"S","S"
685,0,"S","S"
686,0,"S","S"
687,-1,"I","S"
688,1,"S","N"
689,0,"A","A"
690,1,"A","V"
691,0,"P","P"
692,0,"S","S"
693,0,"G","G"
694,2,"S","T"
695,0,"S","S"
696,0,"Y","Y"
697,0,"G","G"
698,0,"K","K"
699,-1,"P","L"
700,0,"W","W"
701,0,"T","T"
702,0,"N","N"
703,0,"G","G"
704,0,"V","V"
705,0,"G","G"
706,0,"G","G"
707,0,"H","H"
708,0,"H","H"
709,2,"T","S"
710,0,"H","H"
711,1,"A","V"
712,0,"L","L"
713,0,"P","P"
714,0,"H","H"
715,1,"A","P"
716,0,"K","K"
717,0,"P","P"
718,0,"P","P"
719,0,"V","V"
720,0,"E","E"
721,0,"S","S"
722,1,"G","S"
723,0,"G","G"
724,0,"G","G"
725,0,"K","K"
726,0,"L","L"
727,0,"L","L"
728,0,"P","P"
729,0,"C","C"
730,0,"T","T"
731,0,"G","G"
732,0,"D","D"
733,0,"Y","Y"
734,0,"M","M"
735,0,"N","N"
736,0,"M","M"
737,0,"S","S"
738,0,"P","P"
739,0,"V","V"
740,0,"G","G"
741,0,"D","D"
742,0,"S","S"
743,0,"N","N"
744,0,"T","T"
745,0,"S","S"
746,0,"S","S"
747,0,"P","P"
748,0,"S","S"
749,2,"E","D"
750,0,"C","C"
751,0,"Y","Y"
752,0,"Y","Y"
753,0,"G","G"
754,0,"P","P"
755,0,"E","E"
756,0,"D","D"
757,0,"P","P"
758,0,"Q","Q"
759,0,"H","H"
760,0,"K","K"
761,0,"P","P"
762,0,"V","V"
763,0,"L","L"
764,0,"S","S"
765,0,"Y","Y"
766,0,"Y","Y"
767,0,"S","S"
768,0,"L","L"
769,0,"P","P"
770,0,"R","R"
771,0,"S","S"
772,0,"F","F"
773,0,"K","K"
774,0,"H","H"
775,0,"T","T"
776,0,"Q","Q"
777,0,"R","R"
778,0,"P","P"
779,0,"G","G"
780,0,"E","E"
781,0,"P","P"
782,0,"E","E"
783,0,"E","E"
784,0,"G","G"
785,0,"A","A"
786,0,"R","R"
787,0,"H","H"
788,0,"Q","Q"
789,0,"H","H"
790,0,"L","L"
791,0,"R","R"
792,0,"L","L"
793,0,"S","S"
794,2,"S","T"
795,0,"S","S"
796,0,"S","S"
797,0,"G","G"
798,0,"R","R"
799,0,"L","L"
800,-1,"R","L"
801,0,"Y","Y"
802,2,"T","A"
803,0,"A","A"
804,0,"T","T"
805,0,"A","A"
806,2,"E","D"
807,0,"D","D"
808,0,"S","S"
809,0,"S","S"
810,0,"S","S"
811,0,"S","S"
812,0,"T","T"
813,0,"S","S"
814,0,"S","S"
815,0,"D","D"
816,0,"S","S"
817,0,"L","L"
818,0,"G","G"
819,0,"G","G"
820,0,"G","G"
821,0,"Y","Y"
822,0,"C","C"
823,0,"G","G"
824,0,"A","A"
825,0,"R","R"
826,-1,"P","L"
827,0,"E","E"
828,1,"S","P"
829,0,"S","S"
830,0,"L","L"
831,1,"T","P"
832,0,"H","H"
833,0,"P","P"
834,0,"H","H"
835,0,"H","H"
836,2,"H","Q"
837,0,"V","V"
838,0,"L","L"
839,0,"Q","Q"
840,0,"P","P"
841,0,"H","H"
842,0,"L","L"
843,0,"P","P"
844,0,"R","R"
845,0,"K","K"
846,0,"V","V"
847,0,"D","D"
848,0,"T","T"
849,0,"A","A"
850,0,"A","A"
851,0,"Q","Q"
852,0,"T","T"
853,0,"N","N"
854,0,"S","S"
855,0,"R","R"
856,0,"L","L"
857,0,"A","A"
858,0,"R","R"
859,0,"P","P"
860,0,"T","T"
861,0,"R","R"
862,0,"L","L"
863,0,"S","S"
864,0,"L","L"
865,0,"G","G"
866,0,"D","D"
867,0,"P","P"
868,0,"K","K"
869,0,"A","A"
870,0,"S","S"
871,0,"T","T"
872,0,"L","L"
873,0,"P","P"
874,0,"R","R"
875,1,"V","A"
876,0,"R","R"
877,0,"E","E"
878,0,"Q","Q"
879,0,"Q","Q"
880,0,"Q","Q"
881,0,"Q","Q"
882,0,"Q","Q"
883,0,"Q","Q"
884,1,"S","P"
885,-1,"S","L"
886,0,"L","L"
887,0,"H","H"
888,0,"P","P"
889,0,"P","P"
890,0,"E","E"
891,0,"P","P"
892,0,"K","K"
893,0,"S","S"
894,0,"P","P"
895,0,"G","G"
896,0,"E","E"
897,0,"Y","Y"
898,0,"V","V"
899,0,"N","N"
900,0,"I","I"
901,0,"E","E"
902,0,"F","F"
903,0,"G","G"
904,0,"S","S"
905,1,"G","D"
906,0,"Q","Q"
907,1,"P","S"
908,0,"G","G"
909,0,"Y","Y"
910,0,"L","L"
911,2,"A","S"
912,0,"G","G"
913,0,"P","P"
914,1,"A","V"
915,2,"T","A"
916,-1,"S","F"
917,1,"R","H"
918,0,"S","S"
919,0,"S","S"
920,0,"P","P"
921,0,"S","S"
922,0,"V","V"
923,0,"R","R"
924,0,"C","C"
925,0,"P","P"
926,1,"P","S"
927,0,"Q","Q"
928,0,"L","L"
929,2,"H","Q"
930,0,"P","P"
931,0,"A","A"
932,0,"P","P"
933,0,"R","R"
934,-1,"-","E"
935,0,"E","E"
936,0,"E","E"
937,0,"T","T"
938,0,"G","G"
939,2,"S","T"
940,0,"E","E"
941,0,"E","E"
942,0,"Y","Y"
943,0,"M","M"
944,2,"N","K"
945,0,"M","M"
946,0,"D","D"
947,0,"L","L"
948,0,"G","G"
949,0,"P","P"
950,0,"G","G"
951,0,"R","R"
952,0,"R","R"
953,0,"A","A"
954,2,"T","A"
955,0,"W","W"
956,0,"Q","Q"
957,0,"E","E"
958,0,"S","S"
959,-1,"G","T"
960,0,"G","G"
961,0,"V","V"
962,0,"E","E"
963,2,"L","M"
964,0,"G","G"
965,0,"R","R"
966,2,"I","L"
967,0,"G","G"
968,0,"P","P"
969,0,"A","A"
970,0,"P","P"
971,0,"P","P"
972,0,"G","G"
973,2,"S","A"
974,0,"A","A"
975,2,"T","S"
976,2,"V","I"
977,0,"C","C"
978,0,"R","R"
979,0,"P","P"
980,0,"T","T"
981,0,"R","R"
982,2,"S","A"
983,0,"V","V"
984,0,"P","P"
985,1,"N","S"
986,0,"S","S"
987,0,"R","R"
988,0,"G","G"
989,0,"D","D"
990,0,"Y","Y"
991,0,"M","M"
992,0,"T","T"
993,0,"M","M"
994,0,"Q","Q"
995,2,"I","M"
996,1,"G","S"
997,0,"C","C"
998,0,"P","P"
999,0,"R","R"
1000,0,"Q","Q"
1001,0,"S","S"
1002,0,"Y","Y"
1003,0,"V","V"
1004,0,"D","D"
1005,0,"T","T"
1006,0,"S","S"
1007,0,"P","P"
1008,1,"V","A"
1009,0,"A","A"
1010,0,"P","P"
1011,0,"V","V"
1012,0,"S","S"
1013,0,"Y","Y"
1014,0,"A","A"
1015,0,"D","D"
1016,0,"M","M"
1017,0,"R","R"
1018,0,"T","T"
1019,0,"G","G"
1020,0,"I","I"
1021,0,"A","A"
1022,0,"A","A"
1023,0,"E","E"
1024,2,"K","E"
1025,1,"A","V"
1026,0,"S","S"
1027,0,"L","L"
1028,0,"P","P"
1029,0,"R","R"
1030,1,"P","A"
1031,0,"T","T"
1032,-1,"G","M"
1033,0,"A","A"
1034,0,"A","A"
1035,1,"P","A"
1036,1,"P","S"
1037,1,"P","S"
1038,0,"S","S"
1039,0,"S","S"
1040,2,"T","A"
1041,0,"A","A"
1042,0,"S","S"
1043,2,"S","A"
1044,0,"S","S"
1045,1,"A","P"
1046,2,"S","T"
1047,-1,"V","-"
1048,-1,"T","G"
1049,0,"P","P"
1050,0,"Q","Q"
1051,0,"G","G"
1052,0,"A","A"
1053,-1,"T","-"
1054,0,"A","A"
1055,0,"E","E"
1056,-1,"Q","L"
1057,0,"A","A"
1058,2,"T","A"
1059,0,"H","H"
1060,0,"S","S"
1061,0,"S","S"
1062,0,"L","L"
1063,0,"L","L"
1064,0,"G","G"
1065,0,"G","G"
1066,0,"P","P"
1067,0,"Q","Q"
1068,0,"G","G"
1069,0,"P","P"
1070,0,"G","G"
1071,0,"G","G"
1072,0,"M","M"
1073,0,"S","S"
1074,0,"A","A"
1075,0,"F","F"
1076,0,"T","T"
1077,0,"R","R"
1078,0,"V","V"
1079,0,"N","N"
1080,0,"L","L"
1081,0,"S","S"
1082,0,"P","P"
1083,0,"N","N"
1084,1,"H","R"
1085,0,"N","N"
1086,0,"Q","Q"
1087,0,"S","S"
1088,0,"A","A"
1089,0,"K","K"
1090,0,"V","V"
1091,0,"I","I"
1092,0,"R","R"
1093,0,"A","A"
1094,0,"D","D"
1095,1,"T","P"
1096,0,"Q","Q"
1097,0,"G","G"
1098,0,"C","C"
1099,0,"R","R"
1100,0,"R","R"
1101,0,"R","R"
1102,0,"H","H"
1103,0,"S","S"
1104,0,"S","S"
1105,0,"E","E"
1106,0,"T","T"
1107,0,"F","F"
1108,0,"S","S"
1109,-1,"-","S"
1110,-1,"-","T"
1111,-1,"-","P"
1112,2,"A","S"
1113,1,"P","A"
1114,0,"T","T"
1115,0,"R","R"
1116,1,"A","V"
1117,0,"G","G"
1118,0,"N","N"
1119,0,"T","T"
1120,0,"V","V"
1121,0,"P","P"
1122,0,"F","F"
1123,0,"G","G"
1124,0,"A","A"
1125,0,"G","G"
1126,0,"A","A"
1127,0,"A","A"
1128,0,"V","V"
1129,0,"G","G"
1130,0,"G","G"
1131,-1,"S","-"
1132,0,"G","G"
1133,0,"G","G"
1134,0,"G","G"
1135,1,"G","S"
1136,1,"G","S"
1137,1,"G","S"
1138,1,"G","S"
1139,0,"S","S"
1140,0,"E","E"
1141,0,"D","D"
1142,0,"V","V"
1143,0,"K","K"
1144,0,"R","R"
1145,0,"H","H"
1146,0,"S","S"
1147,0,"S","S"
1148,0,"A","A"
1149,0,"S","S"
1150,0,"F","F"
1151,0,"E","E"
1152,0,"N","N"
1153,0,"V","V"
1154,0,"W","W"
1155,0,"L","L"
1156,0,"R","R"
1157,0,"P","P"
1158,0,"G","G"
1159,2,"D","E"
1160,0,"L","L"
1161,0,"G","G"
1162,0,"G","G"
1163,1,"V","A"
1164,1,"S","P"
1165,0,"K","K"
1166,0,"E","E"
1167,1,"S","P"
1168,0,"A","A"
1169,-1,"P","K"
1170,2,"V","L"
1171,0,"C","C"
1172,0,"G","G"
1173,0,"A","A"
1174,0,"A","A"
1175,0,"G","G"
1176,0,"G","G"
1177,0,"L","L"
1178,0,"E","E"
1179,2,"K","N"
1180,1,"S","G"
1181,0,"L","L"
1182,0,"N","N"
1183,0,"Y","Y"
1184,0,"I","I"
1185,0,"D","D"
1186,0,"L","L"
1187,0,"D","D"
1188,0,"L","L"
1189,1,"A","V"
1190,0,"K","K"
1191,2,"E","D"
1192,1,"H","F"
1193,-1,"-","K"
1194,-1,"-","Q"
1195,-1,"-","C"
1196,1,"S","P"
1197,0,"Q","Q"
1198,2,"D","E"
1199,0,"C","C"
1200,1,"P","T"
1201,1,"S","P"
1202,2,"Q","E"
1203,-1,"Q","P"
1204,0,"Q","Q"
1205,1,"S","P"
1206,-1,"L","P"
1207,0,"P","P"
1208,0,"P","P"
1209,0,"P","P"
1210,0,"P","P"
1211,0,"P","P"
1212,0,"H","H"
1213,0,"Q","Q"
1214,0,"P","P"
1215,0,"L","L"
1216,0,"G","G"
1217,0,"S","S"
1218,1,"N","G"
1219,0,"E","E"
1220,1,"G","S"
1221,1,"N","S"
1222,0,"S","S"
1223,1,"P","T"
1224,0,"R","R"
1225,0,"R","R"
1226,0,"S","S"
1227,0,"S","S"
1228,0,"E","E"
1229,0,"D","D"
1230,0,"L","L"
1231,0,"S","S"
1232,-1,"N","A"
1233,0,"Y","Y"
1234,0,"A","A"
1235,0,"S","S"
1236,0,"I","I"
1237,0,"S","S"
1238,0,"F","F"
1239,0,"Q","Q"
1240,0,"K","K"
1241,0,"Q","Q"
1242,0,"P","P"
1243,0,"E","E"
1244,0,"D","D"
1245,0,"R","R"
1246,0,"Q","Q"
